id,name,locality,lon,lat,coord_quality,year,source,notes
LD-01,Downtown Ferry Terminal Pier 1,Auckland city centre,174.76745,-36.84265,place_poi,,"Locky Dock station map, September 2026; position from Overture places 2026-09-23.1 (Queens Wharf, 83 Quay St) and OpenStreetMap bike parking","Queens Wharf side of the Pier 1 terminal building, by the bike stands. Pier 1 taken as the eastern pier, next to Queens Wharf."
LD-02,Eastern Viaduct,Viaduct Harbour,174.76384,-36.84260,place_poi,,"Locky Dock station map, September 2026; position from Overture places 2026-09-23.1 (Danny Doolans, 204 Quay St)","Outside Danny Doolans (204 Quay St), on the footpath at the pub's north-east corner."
LD-03,Clearpoint,Auckland city centre,174.76071,-36.84534,address_point,,"Locky Dock station map, September 2026; position from Overture addresses 2026-09-23.1 (7 and 9 Fanshawe St) and OpenStreetMap bike parking","Fanshawe St frontage of 7-9 Fanshawe St, at its east end beside the NZI Centre (1 Fanshawe St)."
LD-04,Gaunt St Carpark,Wynyard Quarter,174.75569,-36.84470,place_poi,,"Locky Dock station map, September 2026; position from Overture places 2026-09-23.1 (36 Gaunt Street car park) and LINZ aerial photos 2024-25",Gaunt St edge of the public car park at 36 Gaunt St.
LD-05,Sky Tower,Auckland city centre,174.76198,-36.84823,place_poi,,"Locky Dock station map, September 2026; position from Overture places 2026-09-23.1 (Sky Tower) and OpenStreetMap bike parking","Base of the Sky Tower on the Victoria St West side, just west of the Sky Tower bus stop."
LD-06,Auckland City Library,Auckland city centre,174.76525,-36.85146,osm_node,,"Locky Dock station map, September 2026; position from OpenStreetMap node n13668110501 via Overture 2026-09-23.1",Lorne St footpath beside the Central City Library (44-46 Lorne St). Mapped in OSM as Locky Dock.
LD-07,AUT WM Building,Auckland city centre,174.76626,-36.85396,place_poi,,"Locky Dock station map, September 2026; position from Overture places 2026-09-23.1 (Te Wai Ngutu Kākā Gallery, 40 St Paul St) and OpenStreetMap bike parking","Outside the entrance of AUT's WM building (40 St Paul St), in the forecourt on the south side of St Paul St."
LD-08,Karangahape Road,Auckland city centre,174.75824,-36.85750,address_point,,"Locky Dock station map, September 2026; position from Overture addresses 2026-09-23.1 (283 Karangahape Rd) and OpenStreetMap bike parking","North footpath of Karangahape Rd just east of Samoa House (283 K Rd), towards Pitt St."
LD-09,Ponsonby Central,Ponsonby,174.74645,-36.85642,place_poi,2020,"Locky Dock station map, September 2026; position from Overture places 2026-09-23.1 (Ponsonby Central) and OpenStreetMap bike parking","Richmond Rd footpath at the corner with Ponsonby Rd, outside Ponsonby Central."
LD-10,Les Mills,Newmarket,174.77073,-36.86619,address_point,,"Locky Dock station map, September 2026; position from Overture addresses 2026-09-23.1 (269 Khyber Pass Rd) and OpenStreetMap bike parking",Khyber Pass Rd footpath right outside the gym at 269 Khyber Pass Rd.
LD-11,MOTAT Staff 1,Western Springs,174.72781,-36.86666,street_estimate,,"Locky Dock station map, September 2026; position estimated from OpenStreetMap parking, gates and bike parking via Overture 2026-09-23.1, and LINZ aerial photos 2024-25","Staff only. Assumed to be at the Great North Rd site (Staff 2 at the Meola Rd site). Placed in the gated service yard next to the Tram Barn, by Gate Delta."
LD-12,Commonsense,Mt Eden,174.75072,-36.87733,osm_node,2021,"Locky Dock station map, September 2026; position from OpenStreetMap node n13712784901 via Overture 2026-09-23.1",Dominion Rd footpath outside the Commonsense entrance (284 Dominion Rd). Mapped in OSM as Lock Dock and Recharge.
LD-13,The Beer Spot Morningside,Morningside,174.73701,-36.87384,address_point,,"Locky Dock station map, September 2026; position from Overture addresses 2026-09-23.1 (596 New North Rd) and OpenStreetMap bike parking","New North Rd frontage of The Beer Spot (596 New North Rd, Kingsland 1021), at the Morningside shops."
LD-14,MOTAT Staff 2,Western Springs,174.71586,-36.85976,street_estimate,,"Locky Dock station map, September 2026; position estimated from OpenStreetMap parking and bike parking via Overture 2026-09-23.1, and LINZ aerial photos 2024-25","Staff only. Assumed to be at the Meola Rd site (Aviation Hall, known as MOTAT 2); Staff 1 is at Great North Rd. Placed by the small car park at the hall's north-east corner."
LD-15,Unitec,Mt Albert,174.70758,-36.88093,place_poi,,"Locky Dock station map, September 2026; position from Overture places and buildings 2026-09-23.1 (Te Puna Library, building 180, 139 Carrington Rd) and LINZ aerial photos 2024-25",Next to the Student Centre. Placed on the plaza between Te Puna (building 180) and the building south of it; which building holds the Student Centre is not confirmed.
LD-16,The Warehouse,Mt Wellington,174.83257,-36.88816,place_poi,,"Locky Dock station map, September 2026; position from Overture places and buildings 2026-09-23.1 (The Warehouse Mt Wellington, 101 Lunn Ave) and LINZ aerial photos 2024-25","Outside The Warehouse entrance at the west corner of the Stoneridge on Lunn centre, facing the car park."
LD-17,66 Anzac Street,Takapuna,174.76868,-36.78815,osm_node,,"Locky Dock station map, September 2026; position from OpenStreetMap node n13819755421 via Overture 2026-09-23.1",Anzac St footpath beside the entrance to the Escape Room at 66 Anzac St. Mapped in OSM as Locky Dock.
