citekey,evidence_domain,design,geography,decision_use,key_support,important_limit,doi_or_identifier,metadata_verification,redistribution,local_file
Lovelace2017,"scenario demand; planning tool","method and national application","England","PCT lineage and distance-hilliness scenarios","OD-based scenario tool links cycling propensity to distance and hilliness and supports route/area outputs","Scenarios are not predictions; English commute context requires local caution","10.5198/jtlu.2016.862","publisher DOI and Cambridge repository checked 2026-08-16","CC BY-NC 3.0 published copy","open/lovelace-et-al-2017-pct.pdf"
PCTManual2020,"scenario demand","technical manual","England and Wales","equation and coefficient verification","Documents commuting-layer functional form and scenario implementation","Manual conventions remain PCT-specific and need version control","PCT manual C1 v1.4r","official PCT manual checked 2026-08-16","linked only",""
StatsNZ2024Confidentiality,"confidentiality; censored demand","official statistical method","Aotearoa New Zealand","interpretation of suppressed and fixed-random-rounded census counts","Sensitive tables suppress counts below six; every remaining count is fixed-random-rounded to base three and differs from the source count by no more than two; the rule must be applied to each disclosure-controlled count field","The released counts do not identify confidential source values; table sensitivity and both total-stated and bicycle marker states must be preserved, while bicycle-not-greater-than-total is an additional joint modelling constraint","Stats NZ 2024; ISBN 978-1-99-104974-2","official Stats NZ PDF checked 2026-08-20","official link only; product copyright terms control",""
Goodman2019,"school demand; health; carbon","national scenario modelling","England","school-access extension and impact lineage","Shows purpose-specific PCT adaptation and associated health/carbon modelling","School trip model and UK context do not calibrate Auckland commuting","10.1016/j.jth.2019.01.008","published PDF and DOI checked 2026-08-16","CC BY 4.0","open/goodman-et-al-2019-school-pct.pdf"
Woodcock2021,"health; carbon; distribution","individual-level scenario modelling","England and Wales","benefit and distributional caveats","Demonstrates demographic variation in cycling potential and benefits and warns appraisal can conflict with equity","Individual-level UK microsimulation differs from aggregate Auckland screening","10.1016/j.jth.2021.101066","published PDF and DOI checked 2026-08-16","CC BY 4.0","open/woodcock-et-al-2021-pct-impacts.pdf"
Woodcock2018,"health impact tool; scenario design","travel-survey modelling and web tool","England","impact-tool precedent and structural uncertainty","Provides generalisable scenario and impact modelling architecture with subgroup outputs","Many assumptions and omitted injury/air/noise pathways; not an Auckland appraisal","10.1371/journal.pmed.1002622","PLOS article and DOI checked 2026-08-16","CC BY 4.0","open/woodcock-et-al-2018-ict.pdf"
Mekuria2012,"traffic stress; connectivity","technical report and network method","United States case studies","LTS framework and low-stress connectivity lineage","Establishes four-level traffic stress and connectivity concepts","Thresholds reflect US design context and are not automatically Auckland-calibrated","MTI Report 11-19","official ROSAP record checked 2026-08-16","link only; redistribution licence unclear",""
Lowry2012,"bikeability; network access","network indicator method","United States","network-level assessment lineage","Combines bicycle level of service and accessibility at community scale","Different destinations and index definition prevent direct score comparison","10.3141/2314-06","publisher DOI checked 2026-08-16","citation only",""
Furth2016,"low-stress connectivity","network analysis","United States","connectivity definition and barriers","Formalises low-stress network connectivity and acceptable trip access","City scores depend on destinations grids weights and thresholds","10.3141/2587-06","publisher DOI checked 2026-08-16","citation only",""
Lowry2016,"facility prioritisation; connectivity","network optimisation application","United States","candidate prioritisation precedent","Prioritises new links by changes in low-stress network connectivity","Objective data and candidate generation differ from this workbench","10.1016/j.tra.2016.02.003","publisher DOI checked 2026-08-16","citation only",""
BuehlerDill2016,"infrastructure and cycling uptake","review","international with North American emphasis","background causal restraint","Synthesises evidence that network and facility context relate to cycling","Heterogeneous designs limit a universal treatment effect","10.1080/01441647.2015.1069908","publisher DOI checked 2026-08-16","citation only",""
Broach2012,"route choice","revealed-preference GPS path-size logit","Portland Oregon","route impedance and plausible paths","Distance slope turns and facility type influence observed cyclist routes","Existing cyclists and local network may not represent potential Auckland riders","10.1016/j.tra.2012.07.005","publisher DOI checked 2026-08-16","citation only",""
Hood2011,"route choice","revealed-preference GPS path-size logit","San Francisco California","route impedance and heterogeneity","Cyclists trade distance slope turns and bicycle facilities differently across groups","Smartphone participant and city context limit transfer","10.3328/TL.2011.03.01.63-75","publisher DOI checked 2026-08-16","citation only",""
Winters2010,"route detour; built environment","observed versus shortest route comparison","Metro Vancouver Canada","detour threshold context","Observed bicycle trips detour toward bicycle facilities and traffic calming","Small sample and local context do not identify a universal detour cap","10.3141/2190-01","publisher DOI checked 2026-08-16","citation only",""
Yen1971,"route set generation","network algorithm","general","loopless plausible-path enumeration","Defines an algorithm for obtaining the K shortest loopless paths between two network nodes","Computational correctness does not establish that the generated set represents travellers' perceived choices","10.1287/mnsc.17.11.712","INFORMS DOI record checked 2026-08-16","citation only",""
BenAkivaBierlaire1999,"route choice; overlapping alternatives","transportation discrete-choice methods","general","path-size-logit lineage","Provides discrete-choice and route-choice foundations for correcting overlap among path alternatives","Choice-set and utility parameters remain conditional and require empirical calibration","10.1007/978-1-4615-5203-1_2","Springer DOI record checked 2026-08-16","citation only",""
Mahfouz2023,"segment prioritisation; equity","network modelling and case application","Manchester United Kingdom","multi-objective and spatial prioritisation precedent","Combines distance decay routing safety and equity objectives for network planning","Candidate logic and evidence are context-specific; accepted copy is no-derivatives","10.1016/j.jtrangeo.2023.103715","repository PDF and DOI checked 2026-08-16","CC BY-NC-ND 4.0 accepted manuscript","open/mahfouz-et-al-2023-prioritisation.pdf"
Liu2019,"network design; route equilibrium","mathematical optimisation","synthetic and case networks","advanced network-design benchmark","Models bicycle network design with path-size logit equilibrium and global/matheuristic solution","Data intensity and equilibrium assumptions exceed current screening implementation","10.1016/j.tre.2019.05.010","publisher DOI checked 2026-08-16","citation only",""
McKay1979,"uncertainty design","statistical methods","general","Latin-hypercube basis","Introduces stratified input sampling that improves coverage of parameter space","Does not give probability meaning to subjective parameter ranges","10.1080/00401706.1979.10489755","publisher DOI checked 2026-08-16","citation only",""
Macmillan2014,"Auckland cycling economics; systems","participatory system-dynamics scenario modelling","Auckland New Zealand","local policy and benefit-model precedent","Models long-run societal costs and benefits of Auckland commuter-cycling policies and feedbacks","Scenario/system model is not project-level causal evidence or current MBCM appraisal","10.1289/ehp.1307250","publisher DOI and Otago record checked 2026-08-16","citation only",""
Keall2015,"intervention effectiveness","quasi-experimental controlled study","four New Zealand cities","local intervention-effect evidence","Evaluates combined infrastructure and encouragement programme against control cities","Cannot isolate cycling infrastructure component and does not estimate Auckland route response","10.1136/jech-2015-205466","publisher DOI and article record checked 2026-08-16","citation only",""
Mackie2018,"co-design; implementation; Auckland","controlled-before-after intervention process paper","Māngere Auckland","delivery and community-engagement context","Documents community-government-researcher street retrofit and implementation barriers","Process/outcomes paper does not estimate the workbench demand response","10.1016/j.jth.2018.08.014","Crossref and publisher record checked 2026-08-20","CC BY-NC-ND 4.0 version of record; local copy not retained",""
SmithFu2025,"LTS; connected networks; New Zealand","cross-sectional network and commute analysis","seven urban areas in Aotearoa New Zealand","local construct validity for connectivity","Finds connected low-stress infrastructure is associated with cycling uptake in New Zealand cities","Cross-sectional association is not a treatment effect and implementation rules may differ","10.1016/j.cities.2024.105526","Crossref and publisher record checked 2026-08-20","CC BY 4.0 version of record; local copy not retained",""
Russell2021,"gender; Māori; equity","intersectional qualitative focus groups","New Zealand city","equity interpretation and safeguards","Participants emphasise safe connected infrastructure and social/personal safety across life stages","Qualitative sample is not a spatial weighting function or effect size","10.1016/j.jtrangeo.2021.102987","publisher metadata checked 2026-08-16","citation only",""
Jones2020,"Māori cycling; equity","mixed methods","Aotearoa New Zealand","Indigenous and distributional context","Shows Māori cycling patterns and conditions cannot be inferred from aggregate deprivation alone","Does not define candidate-project weights or causal effects","10.1111/nzg.12280","publisher DOI checked 2026-08-16","citation only",""
Thorne2020,"low-income community; implementation","qualitative interviews and focus groups","Māngere Auckland","community interpretation and connectivity caveat","Highlights community priorities barriers and need for network connections beyond neighbourhood projects","Small contextual study cannot rank regional investments","10.1111/nzg.12276","publisher DOI checked 2026-08-16","citation only",""
Atkinson2024NZDep,"area deprivation; equity context","official index research report","Aotearoa New Zealand","definition construction and limitations of NZDep2023","Defines NZDep2023 as an area-based relative socioeconomic-deprivation index and documents construction validation missing values and interpretation","Area values do not describe individuals; relative deciles do not measure absolute change; the report's CC BY licence is not assumed to license the separate downloadable dataset","University of Otago NZDep2023 Research Report 2024","official University of Otago report and licence text checked 2026-08-20","report CC BY 4.0; official link only",""
MBCM2026,"economic appraisal","national appraisal manual","New Zealand","current formal-appraisal rules and parameter source","Defines procedures and values for land-transport benefit-cost calculations beginning from applicable date","Using selected values does not make this screening model MBCM-compliant","MBCM v1.7.5 ISBN 978-1-991311-55-9","official NZTA page checked 2026-08-20","link only; external reproduction terms control",""
MBCMUpdate2026,"economic appraisal; manual currency","national appraisal circular","New Zealand","version applicability and change record","Records the May 2026 changes and that MBCM v1.7.5 applies to benefit-cost calculations commencing on or after 29 May 2026","Does not replace the manual or the separate discount-rate circular","NZTA General Circular 26/01","official NZTA page and circular URL checked 2026-08-20","link only; external reproduction terms not stated",""
MBCMDiscount2025,"economic appraisal; discounting","national economic-analysis circular","New Zealand","principal and sensitivity discount schedules","Requires non-commercial public activities to use 2 percent for years 1-30 then 1.5 percent for years 31-100 and 1 percent thereafter; requires 8 percent sensitivity","Activity classification and applicable commencement date still require confirmation","NZTA General Circular 25/01","official NZTA circular checked 2026-08-20","link only; external reproduction terms not stated",""
ATPBC2022,"Auckland cycling demand; programme appraisal","programme business-case technical appendix","Auckland New Zealand","local comparator and historical parameter context","Documents the 2022 Auckland programme demand model and economic-assessment structure including a 40-year period","Uses 2021-era assumptions including a superseded 4 percent rate; not evidence for current defaults or corridor effects","Auckland Transport CAM-PBC Appendix M","official Auckland Transport report page and PDF checked 2026-08-16","link only; external reproduction terms not stated",""
TERP2022,"policy scenario","adopted regional pathway","Auckland","policy context and target wording","States 2030 cycling-plus-micromobility mode-share targets across all trips","No direct crosswalk to Census commute denominator or an 8 percent cycling-only target","Auckland Council TERP 2022","official council record checked 2026-08-16","link only",""
FutureConnect2023,"strategic network; planning context","official multimodal network plan and technical method","Auckland","strategic-network context and distinction from funded projects","Identifies Auckland's long-term multimodal strategic networks and issues used to inform the RLTP; the cycle and micromobility network expresses strategic intent rather than a project programme","The official page calls this the 2023 update but the technical PDF footer is marked Draft; mapped features are not evidence of funding commitment and the service-layer redistribution licence remains unresolved","Auckland Transport Future Connect 2023","official Auckland Transport page and technical PDF checked 2026-08-25","official PDF retained locally but not redistributable pending exact terms",""
RLTP2024,"investment programme; policy context","statutory regional transport plan","Auckland","funded/planned context and comparison with modelled candidates","Sets out and prioritises the 2024-2034 land-transport activities sought for funding and distinguishes the regional bid from subsequent national funding decisions","Inclusion or ranking in the RLTP is not proof of final funding delivery scope design or cost; project-map lineage and redistribution terms must be resolved before a public overlay","Auckland Regional Land Transport Plan 2024-2034","official Auckland Transport page and final PDF checked 2026-08-25","official PDF retained locally but not redistributable pending exact terms",""
